Place,Lat,Long,Slope,Aspect,Elevation (M),Date,Size,Remarks
Shimshal,36.45159,75.31293,34,S,3742,2026/03/14,2,Center Shimshal.. triggered again today early in the morning.. Reached into the activity zone and damaged a boundary wall of a forest land. No other damages
Gulmit,36.38648,74.85128,35,E,2791,2026/03/12,3,N/A
Jaffarabad,36.23419,74.39213,50,N,2133,2026/03/12,N/A,N/A
Qurqolti,36.41359,73.4648,34,W,3266,2026/03/12,N/A,N/A
Shimshal,36.45172,75.32794,33,S,4434,2026/03/12,2,Avalanches reported at two locations in Shimshal. first was triggered in the morning and the second during afternoon. One of them impacted four irrigation channels by filling the them with debris and other remained outside activity zone. Video
Shimshal,36.45172,75.32794,33,S,4434,2026/03/12,2,Avalanches reported at two locations in Shimshal. first was triggered in the morning and the second during afternoon. One of them impacted four irrigation channels by filling the them with debris and other remained outside activity zone. Video
Naltar,36.11623,74.20195,35,E,3852,2026/03/12,3,"Near the Naltar Powerhouse. Video. From Ejaz: An avalanche was triggered this morning in Nalter Payeen, Naltar Valley. No damages or losses were reported due to the avalanche mitigation work implemented by AKAH in 2022. Before the intervention, the nallah in the area was narrow and incised, which increased the risk of avalanche overflow toward nearby settlements. The mitigation measures improved and widened the channel, allowing the avalanche debris to pass safely through the nallah. This event demonstrates the effectiveness of the mitigation work in reducing avalanche risk and protecting the community."
Naltar,36.11623,74.20195,35,E,3852,2026/03/12,3,"Near the Naltar Powerhouse. Video. From Ejaz: An avalanche was triggered this morning in Nalter Payeen, Naltar Valley. No damages or losses were reported due to the avalanche mitigation work implemented by AKAH in 2022. Before the intervention, the nallah in the area was narrow and incised, which increased the risk of avalanche overflow toward nearby settlements. The mitigation measures improved and widened the channel, allowing the avalanche debris to pass safely through the nallah. This event demonstrates the effectiveness of the mitigation work in reducing avalanche risk and protecting the community."
Umalsat,36.581,73.41792,40,E,3736,2026/03/12,2,"A small size Avalanche ""Duhat"" triggered near Umalsat. No damages."
Zongdramgram,36.35472,72.14194,35,S,3185,2026/03/10,4,"63 mm rain fell in 24 hours. From Asma: Today at around 0430 hours, an avalanche incident occurred outside the residential area of village Shagrom, Terich Valley, Upper Chitral. Due to the incident, the River Terich was temporarily blocked; however, the flow of the river was later restored. No damages have been reported so far."
Umalat,36.58164,73.41683,50,E,3837,2026/03/05,1,"2pm. ""Duhat"" (regular powder cloud), outside activity zone in less populated area."
Immit,36.49465,73.90547,35,N,2579,2026/03/05,2,Outside activity zone. Small snow slips in Adrakh Nali and Chandi located in Immit.
Qurquti,36.41277,73.46653,33,W,3267,2026/03/05,2,"outside activity zone, no damages"
Darkut ,36.65097,73.44329,30,S,2839,2026/03/05,1,Small avalanches outside village.
Darkut ,36.65097,73.44329,30,S,2839,2026/03/05,1,Small avalanches outside village.
Charbagh,38.36539,71.01856,37,N,3717,2026/03/05,N/A,N/A
Zanif,38.29659,71.23552,41,N,2332,2026/03/05,N/A,AKAH CERT team helped to reopen the road in Zenif village of Maimai which was blocked by an Avalanche. Reported by Sahim (pics). Mahnaw is nearest station.
Zanif,38.29659,71.23552,41,N,2332,2026/03/05,N/A,AKAH CERT team helped to reopen the road in Zenif village of Maimai which was blocked by an Avalanche. Reported by Sahim (pics). Mahnaw is nearest station.
Arakht,37.37399,71.41199,32,E,2846,2026/03/05,3,A medium size avalanche occurred near Arakht village. No causalities just blocked the local road and destroyed some agricultural land and trees.
Patkunob,38.37831,70.67839,44,N,1778,2026/02/13,3,"From Shuhrat: Darvoz District, Patkunob Village: An avalanche occurred and temporarily blocked the main Khorog–Dushanbe road. The incident happened far from residential areas. No damages or casualties were reported. The road was cleared and traffic has been fully restored."
Patkunob Village,37.85263,71.61033,35,W,2691,2026/02/13,3,"From Shuhrat: Rushon District, Pastkhuf Village: An avalanche occurred and temporarily blocked the main Khorog–Dushanbe road. The incident happened far from residential areas. No damages or casualties were reported. The road was cleared and traffic has been fully restored."
Patkunob Village,37.85263,71.61033,35,W,2691,2026/02/13,3,"From Shuhrat: Rushon District, Pastkhuf Village: An avalanche occurred and temporarily blocked the main Khorog–Dushanbe road. The incident happened far from residential areas. No damages or casualties were reported. The road was cleared and traffic has been fully restored."
Purtel,38.42393,70.68716,36,E,1888,2026/02/10,3,"Purtel, Nusai. Five avalanches occurred outside the village of Dekhah in Shakai District (also known as Dawaz). Outside Living zone. Road is blocked between Shukai and Nusai."
Purtel,38.40146,70.70141,33,E,1986,2026/02/10,3,"Purtel, Nusai. Five avalanches occurred outside the village of Dekhah in Shakai District (also known as Dawaz). Outside Living zone. Road is blocked between Shukai and Nusai."
Purtel,38.38922,70.6681,35,N,1326,2026/02/10,3,"Purtel, Nusai. Five avalanches occurred outside the village of Dekhah in Shakai District (also known as Dawaz). Outside Living zone. Road is blocked between Shukai and Nusai."
Purtel,38.39258,70.70141,35,S,1686,2026/02/10,3,"Purtel, Nusai. Five avalanches occurred outside the village of Dekhah in Shakai District (also known as Dawaz). Outside Living zone. Road is blocked between Shukai and Nusai."
Purtel,38.35523,70.68287,41,W,1969,2026/02/09,N/A,"Purtel, Nusai. An Avalanche occurred outside the living zoon in Dekhah village. No impact but the road between Shakai and Nusai is blocked"
Purtel,38.37192,70.68407,42,S,1564,2026/02/09,N/A,"Purtel, Nusai. An Avalanche occurred outside the living zoon in Dekhah village. No impact but the road between Shakai and Nusai is blocked"
Pech Ouch,36.11846,71.6651,33,E,3066,2026/01/23,3,"From Asma: Main Arkari Valley Road is blocked at Pechouch, Arkari, due to a snow avalanche. No other damage has been reported."
Graramchasa,36.01769,71.43338,32,W,3252,2026/01/23,3,From Asma: Main Garamchashma Valley Road is blocked at multiple locations due to snow avalanches. No damage has been reported so far.
Dammer Nissar,35.38658,71.69045,34,S,1723,2026/01/23,N/A,"From Ejaz: Damail Avalanche: Today at around 12 PM Bacha s/o Gul Muhammad family hit by avalanche- as a result his 05 daughters 02 sons, Bacha and his wife died, 01 son age 9 years was rescued by villagers. No more details. Telephone network is not working well. It is located in highly insecure area along Afghan border."
Dammer Nissar,35.39296,71.6625,40,E,1699,2026/01/23,N/A,"From Ejaz: Damail Avalanche: Today at around 12 PM Bacha s/o Gul Muhammad family hit by avalanche- as a result his 05 daughters 02 sons, Bacha and his wife died, 01 son age 9 years was rescued by villagers. No more details. Telephone network is not working well. It is located in highly insecure area along Afghan border."
Dammer Nissar,35.37718,71.67705,38,N,1467,2026/01/23,N/A,"From Ejaz: Damail Avalanche: Today at around 12 PM Bacha s/o Gul Muhammad family hit by avalanche- as a result his 05 daughters 02 sons, Bacha and his wife died, 01 son age 9 years was rescued by villagers. No more details. Telephone network is not working well. It is located in highly insecure area along Afghan border."
Salang,35.31641,69.05432,58,S,3894,2026/01/23,3,"The info came from Rahman, both from gov workers as well as news."
Meragram ,36.2563,72.38314,37,N,3006,2026/01/23,3,"From Anila: Snow avalanche occurred outside the activity zone of Village Meragram #1, Upper Chitral, at approximately 0700 hours. No damage has been reported so far"
Toghan Nullah,36.01662,71.40465,45,N,3580,2026/01/23,3,Asma reported it. It hit a road and blocked it. Details in attachment.
Umalsat,36.58058,73.4156,50,E,3820,2026/01/04,2,"From Anila and Sher Wali: One powder avalanche, locally known as “Duhat,” occurred yesterday in Umalsat village in Yasin District, Ghizar. No damage was reported. Video: https://youtube.com/shorts/qb5zwudQLEM"
Arakht,37.38085,71.41801,40,S,2904,2025/12/15,N/A,N/A
Arakht,37.37543,71.40683,28,E,2817,2025/12/15,N/A,N/A
Arakht,37.36932,71.42133,38,N,2827,2025/12/15,N/A,N/A
Madaklasht,35.79131,72.0307,33,S,3146,2025/12/15,N/A,N/A
Chitral,35.83699,71.81101,35,W,2413,2025/12/15,N/A,N/A
Khorog,37.54068,71.58535,33,S,3350,2025/12/15,4,N/A